"Txhash","Blockno","UnixTimestamp","DateTime (UTC)","From","To","ContractAddress","Value_IN(ETH)","Value_OUT(ETH)","CurrentValue @ $243.667263721655/Eth","TxnFee(ETH)","TxnFee(USD)","Historical $Price/Eth","Status","ErrCode","Method"
"0x490c27db971019f28545bbcfb630750d975b7e3438d4de42a629c93eb48a3410","32965679","1698399019","2023-10-27 09:30:19","0x5f2155247584b88a0aa7d7c8817ed663680cd081","","0xf172ef6a8142c8292fd9e1c38ea1e77c8f2f535a","0","0","0","0.010150755","2.47340669555891","224.33","","","0x60a06040"
"0x6b95891fc6a1e0690c050c09c3ef94bcbdea3b075cbc5b7308327d8fecda2c43","32966294","1698400866","2023-10-27 10:01:06","0x5f2155247584b88a0aa7d7c8817ed663680cd081","0xf172ef6a8142c8292fd9e1c38ea1e77c8f2f535a","","0","0","0","0.004641156","1.13089778302534","224.33","","","Stake"
"0xe05d8424ef92a8870762e0c30d2fd943986bc475a1035662d837ffff0de6ff77","32966394","1698401166","2023-10-27 10:06:06","0x5f2155247584b88a0aa7d7c8817ed663680cd081","0xf172ef6a8142c8292fd9e1c38ea1e77c8f2f535a","","0","0","0","0.004641156","1.13089778302534","224.33","","","Stake"
"0x0d36f7690fc68a59495275c506863c10fa2a6e8a763243099995161e731c5d76","32996961","1698493111","2023-10-28 11:38:31","0x5f2155247584b88a0aa7d7c8817ed663680cd081","0xf172ef6a8142c8292fd9e1c38ea1e77c8f2f535a","","0","0","0","0.00613095","1.49391181051428","225.62","","","Re Stake"
"0xcf2c6ebca2177ecb18ccfc2be4b07ab586aee8a099bace14ecade3f6d916f0e4","32997038","1698493345","2023-10-28 11:42:25","0x5f2155247584b88a0aa7d7c8817ed663680cd081","0xf172ef6a8142c8292fd9e1c38ea1e77c8f2f535a","","0","0","0","0.00629445","1.53375140813277","225.62","","","Re Stake"
"0x3bc5581ade2eda507191aac0d21df58ec83baaf570c5533e3e95b5c951511848","32997176","1698493759","2023-10-28 11:49:19","0x5f2155247584b88a0aa7d7c8817ed663680cd081","0xf172ef6a8142c8292fd9e1c38ea1e77c8f2f535a","","0","0","0","0.00645795","1.57359100575126","225.62","","","Re Stake"
"0xbf0ab37fe350ffee19c37a47f35ef7592118d749eaeaa96c97dc5e89c5975d95","32997218","1698493885","2023-10-28 11:51:25","0x5f2155247584b88a0aa7d7c8817ed663680cd081","0xf172ef6a8142c8292fd9e1c38ea1e77c8f2f535a","","0","0","0","0.004641156","1.13089778302534","225.62","","","Stake"
"0xdcc2ddb72ade41f92fc367882e18667bf626d6cce9e21993cd5cd8aa9cc9615f","32997272","1698494047","2023-10-28 11:54:07","0x5f2155247584b88a0aa7d7c8817ed663680cd081","0xf172ef6a8142c8292fd9e1c38ea1e77c8f2f535a","","0","0","0","0.004641156","1.13089778302534","225.62","","","Stake"
"0x6672a1bbbcb11803736fc11982cc158b7dda2239db48c4d5cec7f33b0ddabcbd","32997305","1698494146","2023-10-28 11:55:46","0x5f2155247584b88a0aa7d7c8817ed663680cd081","0xf172ef6a8142c8292fd9e1c38ea1e77c8f2f535a","","0","0","0","0.00464112","1.13088901100385","225.62","","","Stake"
"0xcb355d498760c3a98effd2aa395829a25fd0e17a8018a63d5384d7fd8215bcf5","32997343","1698494260","2023-10-28 11:57:40","0x5f2155247584b88a0aa7d7c8817ed663680cd081","0xf172ef6a8142c8292fd9e1c38ea1e77c8f2f535a","","0","0","0","0.004641156","1.13089778302534","225.62","","","Stake"
"0x166c4bbf52e005427ee4085ae11ec98c77ded2b3cffaf336c1fb0e15b9bfc442","32997344","1698494263","2023-10-28 11:57:43","0x5f2155247584b88a0aa7d7c8817ed663680cd081","0xf172ef6a8142c8292fd9e1c38ea1e77c8f2f535a","","0","0","0","0.004641156","1.13089778302534","225.62","","","Stake"
"0xd7e00dd801766cfb81dd6c37a020904ac19b71883a0928e3f071c391df458389","32997364","1698494323","2023-10-28 11:58:43","0xc53752b95585e1316dcbb512f296c8590e941dbf","0xf172ef6a8142c8292fd9e1c38ea1e77c8f2f535a","","0","0","0","0.004752192","1.15795362131994","225.62","","","Stake"
"0xc70892f54b20d7dd4c0c2ff43bce47df487a4146932ce70efb51e4cdf2cf6ff6","32997378","1698494365","2023-10-28 11:59:25","0x5f2155247584b88a0aa7d7c8817ed663680cd081","0xf172ef6a8142c8292fd9e1c38ea1e77c8f2f535a","","0","0","0","0.00743895","1.81262859146221","225.62","","","Re Stake"
"0x7e09c4c8017402b75b78afd7f9bb4568a49cb1902efa2f007d1925a4ccd182fe","32998307","1698497166","2023-10-28 12:46:06","0x1c16fadf6346b2322c7023347d4e32431f873171","0xf172ef6a8142c8292fd9e1c38ea1e77c8f2f535a","","0","0","0","0.004752228","1.15796239334143","225.62","","","Stake"
"0xb533e65023a18efa63611304976c8d954ea4d02c6d3f5f241c43359b48ec76b7","32998597","1698498036","2023-10-28 13:00:36","0x01c947791c9201d85e45ee61ff8bfcbd85813961","0xf172ef6a8142c8292fd9e1c38ea1e77c8f2f535a","","0","0","0","0.00183495","0.447117245566051","225.62","","","Re Stake"
"0x38a0f3613ff51d71b21f4d3d3f1775e6532e8824c630a3d51dbf7343eee8ce5c","32998690","1698498315","2023-10-28 13:05:15","0x1c16fadf6346b2322c7023347d4e32431f873171","0xf172ef6a8142c8292fd9e1c38ea1e77c8f2f535a","","0","0","0","0.001835022","0.447134789609039","225.62","","","Re Stake"
"0xbfb147545e625c6f529bcbad82384ed281defcd5fff2d0c9e1f1ab9e3c997e37","33022313","1698569368","2023-10-29 08:49:28","0xa16af51595aa8b69aece0619e53e9ee333ad0123","0xf172ef6a8142c8292fd9e1c38ea1e77c8f2f535a","","0","0","0","0.004766628","1.16147120193903","227.07","","","Stake"
"0x199deda244a346bbbf7ec35bd95bea6d5dd32040bfb0b5d05a5874587adcd484","33025770","1698579757","2023-10-29 11:42:37","0x3b3bdd3198d08b08ebce2a2e6f180cb6588ac6c5","0xf172ef6a8142c8292fd9e1c38ea1e77c8f2f535a","","0","0","0","0.004752192","1.15795362131994","227.07","","","Stake"
"0x706b17a92148c2ec6401fab2f30dc82bf3144141886c34c55b7eb5123ded2e63","33046624","1698642742","2023-10-30 05:12:22","0x2e53fdc79bc9eb575c22ad38ddcde2ff58659681","0xf172ef6a8142c8292fd9e1c38ea1e77c8f2f535a","","0","0","0","0.004752156","1.15794484929845","228.18","","","Stake"
"0xf7e0077ff7f1aecde70ac0ea931ede9876e4754b1a5decb2bc384f1cc7f00c3a","33048215","1698647518","2023-10-30 06:31:58","0xdab2996ec18b1bd21c7b295b3f4814cd44df698a","0xf172ef6a8142c8292fd9e1c38ea1e77c8f2f535a","","0","0","0","0.004752192","1.15795362131994","228.18","","","Stake"
"0xba9db11c45278a49c6fdaf2ba32f8387e0c148ed3f745d86e9edb5de306f08af","33056915","1698673727","2023-10-30 13:48:47","0x9a4686e25888f069b3a6a13bb4ae7bfb06f4a762","0xf172ef6a8142c8292fd9e1c38ea1e77c8f2f535a","","0","0","0","0.004766628","1.16147120193903","228.18","","","Stake"
"0x038d1868a534b7b42698b0c684e4d53dfb9a3f0e4728287614bef997214db131","33057179","1698674529","2023-10-30 14:02:09","0xfc6927cf74c01beb28e45c4213725a584cb7f81d","0xf172ef6a8142c8292fd9e1c38ea1e77c8f2f535a","","0","0","0","0.004752192","1.15795362131994","228.18","","","Stake"
"0xaa39de16330d6c42bc92a5c2c97bb2e56164b0b99d37582fbbe8f01c04d5526b","33074214","1698725898","2023-10-31 04:18:18","0xc5fc518de15fb5f341c4b5e98017b08389dd35f0","0xf172ef6a8142c8292fd9e1c38ea1e77c8f2f535a","","0","0","0","0.004752228","1.15796239334143","226.35","","","Stake"
"0x68713795f3ec4d67c0ecbf0926eeaad750564d94292330b0d0aa85c8f7d91241","33077228","1698734964","2023-10-31 06:49:24","0x407655791f61c830a2d9f98ec843898652d93666","0xf172ef6a8142c8292fd9e1c38ea1e77c8f2f535a","","0","0","0","0.004752228","1.15796239334143","226.35","","","Stake"
"0x84b01014a40c1cf50066c3fc1b982f069606afd9304b0e5160a3c186166d75f6","33077998","1698737274","2023-10-31 07:27:54","0x94cdbb5a0c48cd5f88cccc5b2da474ab17367343","0xf172ef6a8142c8292fd9e1c38ea1e77c8f2f535a","","0","0","0","0.004752156","1.15794484929845","226.35","","","Stake"
"0x7589b0ebcbdd42ef0bf0571602bf672a9b662e0ce0d806e52dd183dec38962e8","33078403","1698738512","2023-10-31 07:48:32","0x8acb2863988d3c82e9333726859c7a1eacb47042","0xf172ef6a8142c8292fd9e1c38ea1e77c8f2f535a","","0","0","0","0.00480207739878","1.17010905994033","226.35","","","Stake"
"0xe40229a4d309cfaaf09d5ff306f93803f2adbd5645c74953eea84eca6365cb16","33082452","1698750696","2023-10-31 11:11:36","0x1febcb28b2cae65b5913463c7ce0e0ff7f4c27c0","0xf172ef6a8142c8292fd9e1c38ea1e77c8f2f535a","","0","0","0","0.004766592","1.16146242991753","226.35","","","Stake"
"0x09708e5fd85b4960da3c3728d2d2006719ca88be3ff372922084e47839c6b7d0","33082791","1698751714","2023-10-31 11:28:34","0x0851aab6b35310e9ed920b1f19c6215669a321cf","0xf172ef6a8142c8292fd9e1c38ea1e77c8f2f535a","","0","0","0","0.004766592","1.16146242991753","226.35","","","Stake"
"0x70f6fbe0ab906191352f26e8f7a15ee873c5727e6d5f891042a0508c56181d0c","33090472","1698775035","2023-10-31 17:57:15","0xf62f15308532ffbec6d64b2c39da58c982ae3dfd","0xf172ef6a8142c8292fd9e1c38ea1e77c8f2f535a","","0","0","0","0.004752228","1.15796239334143","226.35","","","Stake"
"0x00007be20808799c2d5ea0b68184bb58532dbe353d5e4088c4407425395915d9","33111196","1698837501","2023-11-01 11:18:21","0xb3e5d05dac693b99d6c44b9c919391758372c7e0","0xf172ef6a8142c8292fd9e1c38ea1e77c8f2f535a","","0","0","0","0.004766592","1.16146242991753","227.92","","","Stake"
"0x0cfbd727f9091d091d345373012af2a86540fe94b71222d463bfe9e81886e93e","33114881","1698848633","2023-11-01 14:23:53","0xb714c703b532ab3a418933fad0d0c3e435662752","0xf172ef6a8142c8292fd9e1c38ea1e77c8f2f535a","","0","0","0","0.004752228","1.15796239334143","227.92","","","Stake"
"0x2db910b7cf8ab9c18d86168d9f3dd265853b68fde9b79e7446925ea92f8e753d","33133710","1698905380","2023-11-02 06:09:40","0xd68daf14867e61c3ab203e56d06eb02c87e0419a","0xf172ef6a8142c8292fd9e1c38ea1e77c8f2f535a","","0","0","0","0.004752192","1.15795362131994","231.45","","","Stake"
"0xdd09dedfc4f0c36e712584ece63813796b2b9dcd5b0ff9327dc0ce999708e569","33133978","1698906184","2023-11-02 06:23:04","0x01c231100bffb04440c4c735372817827d0f6696","0xf172ef6a8142c8292fd9e1c38ea1e77c8f2f535a","","0","0","0","0.004752228","1.15796239334143","231.45","","","Stake"
"0x79d6c06e45846f8b29e49f9c54ab79993a4f65e6c17dc84ee345ab951709d303","33139826","1698923789","2023-11-02 11:16:29","0x0181a7bcb1d53a660016a919f014337982f83ab6","0xf172ef6a8142c8292fd9e1c38ea1e77c8f2f535a","","0","0","0","0.004752192","1.15795362131994","231.45","","","Stake"
"0x3d8db15d0e1ea8325475615ef27a9579212ca94e926a76d1520551bb41137d32","33145534","1698940917","2023-11-02 16:01:57","0xbf016d923072c96efd109f3be10871b7845cf857","0xf172ef6a8142c8292fd9e1c38ea1e77c8f2f535a","","0","0","0","0.004752228","1.15796239334143","231.45","","","Stake"
"0x918c33b56f8766902fad4a72c3827473b51d7914927c1d73aff61a6094ac617a","33145864","1698941907","2023-11-02 16:18:27","0x7c64dc98c0361c464b0281b25a1076690e190683","0xf172ef6a8142c8292fd9e1c38ea1e77c8f2f535a","","0","0","0","0.004752228","1.15796239334143","231.45","","","Stake"
"0x9901f403e7de03385fdd3776db95f23bdf3170b12cac56a257c1d5cd6ba534d1","33162773","1698992813","2023-11-03 06:26:53","0x4ec748ac84733a7ad1e532a304275df67f1830fb","0xf172ef6a8142c8292fd9e1c38ea1e77c8f2f535a","","0","0","0","0.004752228","1.15796239334143","230.38","","","Stake"
"0xb59e17e414088122e19a6db4665db884c0957d4e0b1035003f0c61d8404f616d","33163616","1698995349","2023-11-03 07:09:09","0x67b43f9316b928a6e828ba4a2de7b6fcba108724","0xf172ef6a8142c8292fd9e1c38ea1e77c8f2f535a","","0","0","0","0.004752192","1.15795362131994","230.38","","","Stake"
"0x063e926649611508838d16a22c5a28163a6cbad946c69fb5c66ea61c7f85657e","33165719","1699001672","2023-11-03 08:54:32","0xe53416f3cb2082739f376d2029908c3e4e5ac09a","0xf172ef6a8142c8292fd9e1c38ea1e77c8f2f535a","","0","0","0","0.004752192","1.15795362131994","230.38","","","Stake"
"0xe8e33d82838f1d4505b39d03c0f6434cfd48442e10df2495bba260654cf38af8","33166026","1699002593","2023-11-03 09:09:53","0x06831e971c669f4970240102c838e040a70a434d","0xf172ef6a8142c8292fd9e1c38ea1e77c8f2f535a","","0","0","0","0.004752192","1.15795362131994","230.38","","","Stake"
"0x9f735d28e046247b35c7e191edab6f3cef1016be79ecffeede77fb25a123a409","33191882","1699080520","2023-11-04 06:48:40","0x61fea2c5562707c7b79059fbed7b12351fabe413","0xf172ef6a8142c8292fd9e1c38ea1e77c8f2f535a","","0","0","0","0.004752228","1.15796239334143","237.29","","","Stake"
"0x0fc85b9d1d5b10060e5e99014d786fcc126c94709bf67fdc90c146eca66e3390","33195207","1699090523","2023-11-04 09:35:23","0xce4e90ba35822f05f4da50ef9be8b6c2fe52db28","0xf172ef6a8142c8292fd9e1c38ea1e77c8f2f535a","","0","0","0","0.004752156","1.15794484929845","237.29","","","Stake"
"0xcd4689b7977cda69293d5246de69e7b55ab678caa27f96e556096ff43bc10690","33196444","1699094238","2023-11-04 10:37:18","0x903e2849d57c8ae7f0ff34cbff942602781e973d","0xf172ef6a8142c8292fd9e1c38ea1e77c8f2f535a","","0","0","0","0.004752228","1.15796239334143","237.29","","","Stake"
"0x1f543ef28e5b9f6959f0eeefbec794646650a71e73e947db319957653b99da47","33198998","1699101923","2023-11-04 12:45:23","0xb4728cbc3a07b4cf2b2fccf92f7e6ec73f7e108e","0xf172ef6a8142c8292fd9e1c38ea1e77c8f2f535a","","0","0","0","0.004766628","1.16147120193903","237.29","","","Stake"
"0x8f4d82e4e52e0aebbcc3de348c025ab4a4fa567358010365c9233c88042bc391","33205993","1699122988","2023-11-04 18:36:28","0x4218a3d5a4d8d8e887a9603e806239b98fddd5d1","0xf172ef6a8142c8292fd9e1c38ea1e77c8f2f535a","","0","0","0","0.004766628","1.16147120193903","237.29","","","Stake"
"0xb9481d17a2e3d4468d76e8b904723f111410480482e2550e6fc53041809db88f","33219655","1699164053","2023-11-05 06:00:53","0x24fb32e81e9caeedcd65b5fe61a0ab4ace720c38","0xf172ef6a8142c8292fd9e1c38ea1e77c8f2f535a","","0","0","0","0.004752228","1.15796239334143","244.08","","","Stake"
"0x7d452c45fd772f9a8611f3d834b5e0c85ad22381339d2b2cc282a27b5389bbae","33226761","1699185400","2023-11-05 11:56:40","0xe307260d4ea4f797ca1b58beff5d33fc17b83f00","0xf172ef6a8142c8292fd9e1c38ea1e77c8f2f535a","","0","0","0","0.004766628","1.16147120193903","244.08","","","Stake"
"0xb633060591425530a26af0295f792c8f8e2c8d5910bbe1fc5e547e873800e758","33231624","1699200018","2023-11-05 16:00:18","0xf04fab05ff0b763f34c8694e0cdf16403d7dd0da","0xf172ef6a8142c8292fd9e1c38ea1e77c8f2f535a","","0","0","0","0.004752156","1.15794484929845","244.08","","","Stake"
"0x87e9856aabb6e26f3397d1c8375a5bfb9971c30419ffa2c5ec3619aa62b88fa6","33231927","1699200927","2023-11-05 16:15:27","0x1ce72fb1c6a2442c2ff7d9a61cc49f6a9dbf11bd","0xf172ef6a8142c8292fd9e1c38ea1e77c8f2f535a","","0","0","0","0.004752156","1.15794484929845","244.08","","","Stake"
"0x28ac1dbeaf4b877e1414ed2c82d46ac55405075706eaa9cca8855d20cc3febcb","33247648","1699248228","2023-11-06 05:23:48","0x59ea42534c9789abdd1f8ef40ba9ee40105b7300","0xf172ef6a8142c8292fd9e1c38ea1e77c8f2f535a","","0","0","0","0.004752228","1.15796239334143","255.23","","","Stake"
"0xe813bb2368229068abe279cc715a47e14f5487a66dcee741a7280171b64f6359","33249741","1699254533","2023-11-06 07:08:53","0x4eafc7d09390fa42821693f8d52197a0e77b1245","0xf172ef6a8142c8292fd9e1c38ea1e77c8f2f535a","","0","0","0","0.004752156","1.15794484929845","255.23","","","Stake"
"0xf9c01f70b317dbf3df77219dadb178dc8bf633f548f9e464a26b3d39ef3129d3","33249962","1699255200","2023-11-06 07:20:00","0x32617960c160fdb46e1eb5ecad1b40cfa09b514a","0xf172ef6a8142c8292fd9e1c38ea1e77c8f2f535a","","0","0","0","0.004752156","1.15794484929845","255.23","","","Stake"
"0xaf11223d146cdf1aa5e174c644f5de0c76babc88a04fd8ed3b9eaa9a128df35c","33259622","1699284253","2023-11-06 15:24:13","0x4c3c0b3eee74faa6fdfba1e8a3003b36f9d0f701","0xf172ef6a8142c8292fd9e1c38ea1e77c8f2f535a","","0","0","0","0.004752156","1.15794484929845","255.23","","","Stake"
"0x205df7c90ebd535a4ed5ef09fafaea9d6267dea7458e277a5df568dc0a62a7fb","33259877","1699285025","2023-11-06 15:37:05","0xed10254dadfec17e07c8e737276e8aee036155a1","0xf172ef6a8142c8292fd9e1c38ea1e77c8f2f535a","","0","0","0","0.004752228","1.15796239334143","255.23","","","Stake"
"0x01025cb4ed7a0ff777aea221ac5589f313150a31333c0a26895f96baa9a023e0","33281968","1699351474","2023-11-07 10:04:34","0x50c0c76465f6b9592040735c89abdf28424e3b18","0xf172ef6a8142c8292fd9e1c38ea1e77c8f2f535a","","0","0","0","0.004752192","1.15795362131994","246.22","","","Stake"
"0x9b7cfb52e7246587e54fcd7057ffd5c4d58bc60c7d1191523acbc0d79c500e4a","33337589","1699518826","2023-11-09 08:33:46","0x5f2155247584b88a0aa7d7c8817ed663680cd081","0xf172ef6a8142c8292fd9e1c38ea1e77c8f2f535a","","0","0","0","0.004641192","1.13090655504684","251.68","","","Stake"
"0xd096ee8dfa43340b6bab9a23cad724999fd82463665478c5b65108e5e4c78ddd","33339129","1699523457","2023-11-09 09:50:57","0x5ae9976f0290f2e1533cb72715e7837e8bda378c","0xf172ef6a8142c8292fd9e1c38ea1e77c8f2f535a","","0","0","0","0.004752192","1.15795362131994","251.68","","","Stake"
"0x4bbf5fab7913c57f9106618f4d66f0ce4bcad34b7c7af04ae64df5737ef2535e","33341937","1699531889","2023-11-09 12:11:29","0x339fd2885a079b5d3be8135ce025abf119dd2ebd","0xf172ef6a8142c8292fd9e1c38ea1e77c8f2f535a","","0","0","0","0.004766556","1.16145365789604","251.68","","","Stake"
"0x355bd33ee4cdeb4077993b6675264c699ea44cbdba4d2ea101d3f2011c65fa0e","33373024","1699625918","2023-11-10 14:18:38","0xa40ef3c90fed6d495f4a9aff34b81fc3443a87d8","0xf172ef6a8142c8292fd9e1c38ea1e77c8f2f535a","","0","0","0","0.004752228","1.15796239334143","251.25","","","Stake"
"0xc95e89fc4f36e1f0320da94f7a08bf4dc646efeaf35987239867af3ea28ffdbd","33373714","1699627994","2023-11-10 14:53:14","0x2445e56defda70afe1754a21d6054c65debf9340","0xf172ef6a8142c8292fd9e1c38ea1e77c8f2f535a","","0","0","0","0.004766592","1.16146242991753","251.25","","","Stake"
"0xff88e136b977ba85830062ebd209397c46a7a61452b76dca04bbade9a8047f59","33404964","1699721978","2023-11-11 16:59:38","0xe7d8b3e2e027a1b8f0ec938bd0067f9eef46ee91","0xf172ef6a8142c8292fd9e1c38ea1e77c8f2f535a","","0","0","0","0.004766628","1.16147120193903","251.45","","","Stake"
"0xfae6ec972687b632c50fce5af23f4d4167b2940375d2ca024d7f65b17e6aa695","33462855","1699896276","2023-11-13 17:24:36","0x243bfaaaf2750e4c793f340a5a8deb751605a4de","0xf172ef6a8142c8292fd9e1c38ea1e77c8f2f535a","","0","0","0","0.004817892","1.17396256054645","241.32","","","Stake"
